title,company,link
newSoftware Developer,IBM,https://www.indeed.com//cmp/IBM
Python Developer - Quantitative PM Team,Balyasny,https://www.indeed.com//cmp/Balyasny-Asset-Management
Junior C++ Developer - Multiple Openings,GTS,https://www.indeed.com//cmp/Gts
C++ Developer (Associate),Alpha Beta Investments,link is not avalaible
"Jr. Developer [Python, SQL, Javascript]","Horizon Media, Inc.","https://www.indeed.com//cmp/Horizon-Media,-Inc."
2022 Software Engineer Program - Full Time Opportunity,"JPMorgan Chase Bank, N.A.",https://www.indeed.com//cmp/Chase-2
JPC - 671 - VueJS Developer or Python Developer,Promantis Inc,link is not avalaible
SENIOR SOFTWARE DEVELOPER,TeamWorld,https://www.indeed.com//cmp/Teamworld-Corporate-Programs-1
JavaScript/React Developer,Bank of America,https://www.indeed.com//cmp/Bank-of-America
newJava / Scala Developer,Morgan Stanley,https://www.indeed.com//cmp/Morgan-Stanley
newFull Stack Developer (REMOTE),Splunk,https://www.indeed.com//cmp/Splunk
Lead Application Systems Developer (Python/Django),Columbia University,https://www.indeed.com//cmp/Columbia-University
Python Developer - Core Infrastructure,Hudson River Trading,https://www.indeed.com//cmp/Hudson-River-Trading
"Android Engineer, Developer Experience",Spotify,https://www.indeed.com//cmp/Spotify
Experienced Python/Django Contractor,stackbuilders,link is not avalaible
newFull-stack Software Developer,Ecovative,link is not avalaible
Junior Software Engineer,SpinCar,https://www.indeed.com//cmp/Spincar-6
Python Developer - Credit Analytics - Associate/ Vice Presid...,Pretium,https://www.indeed.com//cmp/Pretium
newQuantitative Developer,UBS,https://www.indeed.com//cmp/UBS
Sr. Python Developer (remote - US),Boast Capital,link is not avalaible
"Software Engineer, Ads Measurement",TikTok,https://www.indeed.com//cmp/Tiktok
Full Stack Developer - Java/.Net/Python,Accenture,https://www.indeed.com//cmp/Accenture
Application Developer - Python - 4008634,Accenture,https://www.indeed.com//cmp/Accenture
Senior Python Developer,SS&C Technologies,https://www.indeed.com//cmp/Ss&C
Angular/Python Developer,Deloitte,https://www.indeed.com//cmp/Deloitte
Python Developer,ION,https://www.indeed.com//cmp/Ion
Central Risk Book - Quant/Developer,Morgan Stanley,https://www.indeed.com//cmp/Morgan-Stanley
Fullstack Developer,The Recount,link is not avalaible
Front End Developer - Nationwide Opportunities,"Amazon Web Services, Inc.",https://www.indeed.com//cmp/Amazon.com
REMOTE Cloud Engineer,ViacomCBS,https://www.indeed.com//cmp/Viacomcbs
Hadoop Developer,Aretek Solutions,link is not avalaible
Lead Application Systems Developer (Python/Django),Columbia University,https://www.indeed.com//cmp/Columbia-University
Python Developer,Zebra Technologies,https://www.indeed.com//cmp/Zebra-Technologies
Full Stack developer,"JPMorgan Chase Bank, N.A.",https://www.indeed.com//cmp/Chase-2
Senior Python Developer,SS&C Technologies,https://www.indeed.com//cmp/Ss&C
Junior Software Engineer,SpinCar,https://www.indeed.com//cmp/Spincar-6
C++ Developer (Associate),Alpha Beta Investments,link is not avalaible
newSoftware Programmer/Developer,Naval Nuclear Laboratory,https://www.indeed.com//cmp/Naval-Nuclear-Laboratory
newSoftware Developer for Chip Physical Design and Analysis Too...,IBM,https://www.indeed.com//cmp/IBM
Software Engineer - Python,Backstage,https://www.indeed.com//cmp/Backstage
newSOFTWARE ENGINEER,Harmony Labs,https://www.indeed.com//cmp/Harmony-Labs
Quantitative Developer,Quanteam,link is not avalaible
Software Development Engineer - Returnship,Amazon.com Services LLC,https://www.indeed.com//cmp/Amazon.com
Software Developer,Barclays,https://www.indeed.com//cmp/Barclays
newJava / Scala Developer,Morgan Stanley,https://www.indeed.com//cmp/Morgan-Stanley
Campus Recruitment - 2022 Full Time Software Engineer,Amex,https://www.indeed.com//cmp/American-Express
Full-Stack Developer,Theodo,link is not avalaible
Hadoop Developer,Aretek Solutions,link is not avalaible
newSenior Software Engineer - Python,Squarespace,https://www.indeed.com//cmp/Squarespace
"Frontend Software Engineer, Player Network",WarnerMedia,https://www.indeed.com//cmp/Warnermedia
Python Developer,Zebra Technologies,https://www.indeed.com//cmp/Zebra-Technologies
"DevOps Engineer, Cloud",HyperScience,link is not avalaible
New Graduate Software Engineer,"Discovery, Inc.",https://www.indeed.com//cmp/The-Discovery
Python Developer-1,TIAA,https://www.indeed.com//cmp/Tiaa
Software Developer 4,Oracle,https://www.indeed.com//cmp/Oracle
Backend Developer,TrueChoice Solutions,link is not avalaible
Junior Front End / Full Stack Software Engineer,Plectica,link is not avalaible
Assistant Engineer,LOCKHEED MARTIN CORPORATION,https://www.indeed.com//cmp/Lockheed-Martin
Software Engineers & Web Developers,1DocWay,link is not avalaible
Software Development Engineer - Returnship,Amazon.com Services LLC,https://www.indeed.com//cmp/Amazon.com
"Machine Learning Engineer (Remote Eligible, Americas)",Spotify,https://www.indeed.com//cmp/Spotify
Python Software Engineer III,Bank of America,https://www.indeed.com//cmp/Bank-of-America
newNumerical Software Engineer,Siemens,https://www.indeed.com//cmp/Siemens
Software Developer,Barclays,https://www.indeed.com//cmp/Barclays
newSenior Software Developer - REMOTE,Pearson,https://www.indeed.com//cmp/Pearson
Evolve Rotational Program - Software Engineer,Apple,https://www.indeed.com//cmp/Apple
Software Engineer,DataDog,https://www.indeed.com//cmp/Datadog
"UX Engineer, Front End",Google,https://www.indeed.com//cmp/Google
UI Developer,Instinet,https://www.indeed.com//cmp/Instinet
Developer Advocate - Remote,Dremio,link is not avalaible
newFull Stack Sr. Engineer,GFT Technologies SE,link is not avalaible
Junior Developer / Messaging Engineer,BGC Partners,https://www.indeed.com//cmp/Bgc-Partners
Tech Lead - Python Software Engineer for Credit Trading,"JPMorgan Chase Bank, N.A.",https://www.indeed.com//cmp/Chase-2
Quantitative Developer,GuardX Inc,link is not avalaible
Software Developer,Democracy Prep Public Schools,https://www.indeed.com//cmp/Democracy-Prep-Public-Schools
